INSERT INTO brochures(brochureID,startDate,endDate)
VALUES(1,'2018-01-01','2018-01-25'),
(2,'2018-01-25','2018-02-20'),
(3,'2018-02-20','2018-03-15');

INSERT INTO pages(pageNumber,brochureID)
VALUES(1,1),(2,1),(3,1),(4,1),(5,1),(6,1),
(1,2),(2,2),(3,2),(4,2),(5,2),(6,2),
(1,3),(2,3),(3,3),(4,3),(5,3),(6,3);

INSERT INTO productsDetails(productCode,productType,productFirm,productColor,productDesc)
VALUES(1234,'cosmetice','mark','red','ruj mark'),
(1235,'parfumuri','RareGold',NULL,'floare de portocal, bergamota, ambra'),
(1236,'parfumuri','RarePearls',NULL,'magnolie, lemn de trandafir, lemn de santal'),
(1237,'cosmetice','mark','brown','ruj mark'),
(1238,'cosmetice','mark','bright','fond de ten matifiant'),
(1239,'cosmetice','mark','medium','fond de ten matifiant'),
(1240,'sccesorii','avon',NULL,'perie de mari dimensiuni'),
(1241,'accesorii','avon',NULL,'perie pentru tapare'),
(1242,'cosmetice','mark','brown','ruj mat'),
(1243,'cosmetice','mark','brown','ruj mat'),
(1244,'cosmetice','avon','black','rimel alungire gene'),
(1245,'ceasuri','quartz','black','ceas time to dream'),
(1246,'ceasuri','quartz','white','ceas angel wings'),
(1247,'cosmetice','trueColor','brown','ruj stralucitor'),
(1248,'cosmetice','trueColor','pink','luciu efect 3D'),
(1249,'cosmetice','trueColor','red','luciu efect 3D'),
(1250,'accesorii','avon',NULL,'geanta cosmetice'),
(1251,'accesorii','avon',NULL,'perie rotativa'),
(1252,'ingrijire','anew',NULL,'crema antirid'),
(1253,'ingrijire','senses',NULL,'gel de dus Sensual la vita'),
(1254,'ingrijire','senses',NULL,'gel de dus cu aroma de crin'),

(1255,'parfumuri','Segno',NULL,'aroma persistenta de dimineata pana seara'),
(1256,'parfumuri','Luminata',NULL,'bujor alb cristalin, pere suculente, vanilie'),
(1257,'cosmetice','mark','brown','ruj mark'),
(1258,'cosmetice','trueColor','bright','fond de ten matifiant'),
(1259,'cosmetice','mark','medium','fond de ten matifiant'),
(1260,'sccesorii','luxe',NULL,'perie de mari dimensiuni'),
(1261,'accesorii','luxe',NULL,'perie pentru tapare'),
(1262,'cosmetice','mark','brown','ruj mat'),
(1263,'cosmetice','mark','brown','ruj mat'),
(1264,'cosmetice','avon','black','rimel alungire gene'),
(1265,'ceasuri','avon','black','ceas time to dream'),
(1266,'ceasuri','quartz','white','ceas angel wings'),
(1267,'cosmetice','luxe','brown','ruj stralucitor'),
(1268,'cosmetice','trueColor','pink','luciu efect 3D'),
(1269,'cosmetice','trueColor','red','luciu efect 3D'),
(1270,'accesorii','avon',NULL,'geanta cosmetice'),
(1271,'accesorii','avon',NULL,'perie rotativa'),
(1272,'ingrijire','anew',NULL,'crema antirid'),
(1273,'ingrijire','senses',NULL,'gel de dus Sensual la vita'),
(1274,'ingrijire','senses',NULL,'gel de dus cu aroma de crin'),

(1275,'parfumuri','RareGold',NULL,'floare de portocal, bergamota, ambra'),
(1276,'parfumuri','RarePearls',NULL,'magnolie, lemn de trandafir, lemn de santal'),
(1277,'cosmetice','mark','brown','ruj mark'),
(1278,'cosmetice','mark','bright','fond de ten matifiant'),
(1279,'cosmetice','mark','medium','fond de ten matifiant'),
(1280,'sccesorii','avon',NULL,'perie de mari dimensiuni'),
(1281,'accesorii','avon',NULL,'perie pentru tapare'),
(1282,'cosmetice','mark','brown','ruk mat'),
(1283,'cosmetice','mark','brown','ruk mat'),
(1284,'cosmetice','avon','black','rimel alungire gene'),
(1285,'ceasuri','quartz','black','ceas time to dream'),
(1286,'ceasuri','quartz','white','ceas angel wings'),
(1287,'cosmetice','trueColor','brown','ruj stralucitor'),
(1288,'cosmetice','trueColor','pink','luciu efect 3D'),
(1289,'cosmetice','trueColor','red','luciu efect 3D'),
(1290,'accesorii','avon',NULL,'geanta cosmetice'),
(1291,'accesorii','avon',NULL,'perie rotativa'),
(1292,'ingrijire','anew',NULL,'crema antirid'),
(1293,'ingrijire','senses',NULL,'gel de dus Sensual la vita'),
(1294,'ingrijire','senses',NULL,'gel de dus cu aroma de vanilie');


INSERT INTO products(productCode,brochureID,pageNumber,productName,productPrice)
VALUES (1234,1,1,'ruj mark',20),
(1235,1,1,'parfum RareGold',85),
(1236,1,1,'parfum RarePearls',85),
(1237,1,1,'ruj mark',20),
(1238,1,2,'fond de ten',32),
(1239,1,2,'fond de ten',32),
(1240,1,2,'perie',85),
(1241,1,2,'perie',20),
(1242,1,3,'ruj mark',20),
(1243,1,3,'ruj mark',20),
(1244,1,3,'rimel',17),
(1245,1,4,'ceas',90),
(1246,1,4,'ceas',100),
(1247,1,4,'ruj',15),
(1248,1,5,'luciu',10),
(1249,1,5,'luciu',10),
(1250,1,5,'geanta',85),
(1251,1,5,'perie',16),
(1252,1,6,'crema',12),
(1253,1,6,'gel de dus',8),
(1254,1,6,'gel de dus',9),

(1255,2,6,'parfum Segno',84),
(1256,2,6,'parfum Luminata',83),
(1257,2,6,'ruj mark',22),
(1258,2,5,'fond de ten',33),
(1259,2,5,'fond de ten',34),
(1260,2,5,'perie',90),
(1261,2,5,'perie',19),
(1262,2,4,'ruj mark',21),
(1263,2,4,'ruj mark',22),
(1264,2,4,'rimel',18),
(1265,2,3,'ceas',85),
(1266,2,3,'ceas',99),
(1267,2,3,'ruj',16),
(1268,2,2,'luciu',9),
(1269,2,2,'luciu',9),
(1270,2,2,'geanta',95),
(1271,2,2,'perie',15),
(1272,2,1,'crema',15),
(1273,2,1,'gel de dus',12),
(1274,2,1,'gel de dus',12),

(1275,3,1,'parfum Segno',90),
(1276,3,1,'parfum Luminata',85),
(1277,3,1,'ruj mark',20),
(1278,3,2,'fond de ten',34),
(1279,3,2,'fond de ten',34),
(1280,3,2,'perie',20),
(1281,3,2,'perie',19),
(1282,3,3,'ruj mark',22),
(1283,3,3,'ruj mark',23),
(1284,3,3,'rimel',19),
(1285,3,4,'ceas',70),
(1286,3,4,'ceas',65),
(1287,3,4,'ruj',15),
(1288,3,5,'luciu',11),
(1289,3,5,'luciu',10),
(1290,3,5,'geanta',85),
(1291,3,5,'perie',13),
(1292,3,6,'crema',8),
(1293,3,6,'gel de dus',11),
(1294,3,6,'gel de dus',11);

INSERT INTO customerDetails(customerID,customerAddress,cardNumber,ages)
VALUES (1,'Cluj, Zorilor, Bloc 5',123456789,21),
(2,'Cluj, Iris, Bloc 1',223456789,19),
(3,'Cluj, Marasti, Bloc 2',323456789,20),
(4,'Cluj, Manastur, Bloc 3',423456789,21),
(5,'Cluj, Grigorescu, Bloc 4',523456789,18);

INSERT INTO customers(customerID,customerFirstName,customerLastName,creditLimit)
VALUES (1,'Alin','Ionescu',500),
(2,'Pati','Popescu',700),
(3,'Ana','Predescu',500),
(4,'Mihai','Popescu',200),
(5,'Iulia','Predescu',100);

INSERT INTO payments(paymentID,paymentDate)
VALUES (1,'2018-01-02'),
(2,'2018-05-21'),
(3,'2018-06-22'),
(4,'2018-10-04'),
(5,'2018-09-10'),
(6,'2018-07-14'),
(7,'2018-04-28'),
(8,'2018-02-15'),
(9,'2018-03-12'),
(10,'2018-07-05');

INSERT INTO orderDetails(orderID,shippedDate,quantity,price)
VALUES (1,'2018-07-05',10,100),
(2,'2018-07-05',5,200),

(3,'2018-07-05',6,250),
(4,'2018-07-05',2,75),
(5,'2018-07-05',7,270),

(6,'2018-07-05',8,310),

(7,'2018-07-05',4,189),
(8,'2018-07-05',7,324),

(9,'2018-07-05',3,163);

INSERT INTO orders(orderID,customerID,paymentID,orderDate,statusOrder)
VALUES (1,1,1,'2018-07-05','platita'),
(2,1,4,'2018-07-05','neplatita'),

(3,2,3,'2018-07-05','platita'),
(4,2,2,'2018-07-05','platita'),
(5,2,5,'2018-07-05','neplatita'),

(6,3,6,'2018-07-05','platita'),

(7,4,8,'2018-07-05','platita'),
(8,4,9,'2018-07-05','platita'),

(9,5,10,'2018-07-05','neplatita');

INSERT INTO products_orders(productCode,brochureID,orderID)
VALUES (1234,1,1),
(1235,1,1),
(1236,1,1),
(1237,1,1),
(1238,1,1),
(1239,1,1),
(1240,1,1),
(1241,1,1),
(1242,1,1),
(1243,1,1),

(1255,2,2),
(1256,2,2),
(1257,2,2),
(1258,2,2),
(1259,2,2),

(1235,1,3),
(1236,1,3),
(1250,1,3),
(1251,1,3),
(1254,1,3),
(1252,1,3),

(1263,2,4),
(1268,2,4),

(1280,3,5),
(1281,3,5),
(1282,3,5),
(1283,3,5),
(1284,3,5),
(1285,3,5),
(1286,3,5),

(1235,1,6),
(1236,1,6),
(1237,1,6),
(1238,1,6),
(1239,1,6),
(1250,1,6),
(1251,1,6),
(1252,1,6),

(1235,1,7),
(1236,1,7),
(1237,1,7),
(1238,1,7),

(1265,2,8),
(1266,2,8),
(1267,2,8),
(1268,2,8),
(1269,2,8),
(1270,2,8),
(1271,2,8),
(1255,2,8),

(1285,3,9),
(1286,3,9),
(1287,3,9);